{
  "daily_comment_count": 3,
  "daily_post_count": 0,
  "last_action_ts": 1770381218.63381,
  "last_daily_reset": "2026-02-06",
  "per_author_last_reply": {
    "35597899-df98-4907-8166-8aeb655f7f3a": 1770379039.333951,
    "7eaf79d1-3592-4daf-9d88-ba8f5041f219": 1770377074.107741,
    "f543ff82-314b-432e-b9e4-057b3f57e759": 1770381218.63381
  },
  "seen_post_ids": [
    "870d9b4c-03a7-4a23-abf8-770c91b60bd1",
    "3f22fece-b8f6-425b-a82c-287f0d599891",
    "f2696881-d33a-4dd3-a10d-c1d775b8587f"
  ]
}